<?xml version="1.0" encoding="UTF-8"?>
<project-private xmlns="http://www.netbeans.org/ns/project-private/1">
    <editor-bookmarks xmlns="http://www.netbeans.org/ns/editor-bookmarks/2" lastBookmarkId="0"/>
    <open-files xmlns="http://www.netbeans.org/ns/projectui-open-files/2">
        <group>
            <file>file:/C:/Users/Alejandro%20Galindo/Desktop/ResiduosFinal/componenteDatos/src/Datos/UsuarioDAO.java</file>
            <file>file:/C:/Users/Alejandro%20Galindo/Desktop/ResiduosFinal/componenteDatos/src/Datos/facadeDatos.java</file>
            <file>file:/C:/Users/Alejandro%20Galindo/Desktop/ResiduosFinal/componenteDatos/src/Datos/TrasladoDAO.java</file>
            <file>file:/C:/Users/Alejandro%20Galindo/Desktop/ResiduosFinal/componenteDatos/test/Datos/facadeDatosTest.java</file>
            <file>file:/C:/Users/Alejandro%20Galindo/Desktop/ResiduosFinal/componenteDatos/src/Datos/IFacadeDatos.java</file>
            <file>file:/C:/Users/Alejandro%20Galindo/Desktop/ResiduosFinal/componenteDatos/src/Datos/SolicitudDAO.java</file>
            <file>file:/C:/Users/Alejandro%20Galindo/Desktop/ResiduosFinal/componenteDatos/src/Datos/ResiduoDAO.java</file>
            <file>file:/C:/Users/Alejandro%20Galindo/Desktop/ResiduosFinal/componenteDatos/src/Datos/DAOResiduos.java</file>
        </group>
    </open-files>
</project-private>
